stock_code,stock_name,market,dividend_date,dividend_amount,buy_price,ex_price,price_change_pct,dividend_yield_pct,total_return_pct,is_profitable
600519,贵州茅台,沪市,2025-12-19,239.57,1446.38,1410.0,-2.52,16.56,14.05,True
600519,贵州茅台,沪市,2025-06-26,276.73,1488.87,1396.23,-6.22,18.59,12.36,True
600519,贵州茅台,沪市,2024-12-20,238.82,1466.81,1467.75,0.06,16.28,16.35,True
600519,贵州茅台,沪市,2024-06-19,308.76,1589.78,1425.21,-10.35,19.42,9.07,True
600519,贵州茅台,沪市,2023-12-20,191.06,1620.85,1534.7,-5.32,11.79,6.47,True
600519,贵州茅台,沪市,2023-06-30,259.11,1475.34,1555.09,5.41,17.56,22.97,True
600036,招商银行,沪市,2026-01-16,10.13,40.47,38.72,-4.32,25.03,20.71,True
600036,招商银行,沪市,2025-07-11,20.0,42.33,44.49,5.1,47.25,52.35,True
600036,招商银行,沪市,2024-07-11,19.72,29.4,30.74,4.56,67.07,71.63,True
600036,招商银行,沪市,2023-07-13,17.38,28.17,28.07,-0.35,61.7,61.34,True
601318,中国平安,沪市,2025-10-24,9.5,54.4,57.88,6.4,17.46,23.86,True
601318,中国平安,沪市,2025-06-30,16.2,50.94,54.58,7.15,31.8,38.95,True
601318,中国平安,沪市,2024-10-18,9.3,41.11,54.67,32.98,22.62,55.61,True
601318,中国平安,沪市,2024-07-26,15.0,37.81,38.65,2.22,39.67,41.89,True
601318,中国平安,沪市,2023-10-25,9.3,43.65,41.32,-5.34,21.31,15.97,True
601318,中国平安,沪市,2023-06-14,15.0,46.36,42.75,-7.79,32.36,24.57,True
600887,伊利股份,沪市,2025-12-17,4.8,28.1,28.85,2.67,17.08,19.75,True
600887,伊利股份,沪市,2025-06-06,12.2,27.91,28.18,0.97,43.71,44.68,True
600887,伊利股份,沪市,2024-06-05,12.0,26.04,25.78,-1.0,46.08,45.08,True
600887,伊利股份,沪市,2023-06-13,10.4,25.98,26.16,0.69,40.03,40.72,True
601288,农业银行,沪市,2026-05-13,1.3,6.64,6.9,3.92,19.58,23.49,True
601288,农业银行,沪市,2025-12-15,1.195,8.37,7.49,-10.51,14.28,3.76,True
601288,农业银行,沪市,2025-07-17,1.255,5.44,6.04,11.03,23.07,34.1,True
601288,农业银行,沪市,2025-01-08,1.164,4.73,5.0,5.71,24.61,30.32,True
601288,农业银行,沪市,2024-06-07,2.309,3.96,4.02,1.52,58.31,59.82,True
601288,农业银行,沪市,2023-07-18,2.222,3.01,3.04,1.0,73.82,74.82,True
601398,工商银行,沪市,2026-05-13,1.689,7.37,7.46,1.22,22.92,24.14,True
601398,工商银行,沪市,2025-12-15,1.414,8.1,7.81,-3.58,17.46,13.88,True
601398,工商银行,沪市,2025-07-14,1.646,6.82,7.7,12.9,24.13,37.04,True
601398,工商银行,沪市,2025-01-07,1.434,5.95,6.44,8.24,24.1,32.34,True
601398,工商银行,沪市,2024-07-16,3.064,4.92,5.55,12.8,62.28,75.08,True
601398,工商银行,沪市,2023-07-17,3.035,4.1,4.09,-0.24,74.02,73.78,True
601939,建设银行,沪市,2025-12-11,1.858,9.35,8.94,-4.39,19.87,15.49,True
601939,建设银行,沪市,2025-05-09,2.06,8.43,9.05,7.35,24.44,31.79,True
601939,建设银行,沪市,2025-01-10,1.97,7.69,8.1,5.33,25.62,30.95,True
601939,建设银行,沪市,2024-07-12,4.0,6.34,6.9,8.83,63.09,71.92,True
601939,建设银行,沪市,2023-07-14,3.89,5.29,5.29,0.0,73.53,73.53,True
600000,浦发银行,沪市,2025-07-16,4.1,12.21,13.48,10.4,33.58,43.98,True
600000,浦发银行,沪市,2024-07-18,3.21,7.57,8.51,12.42,42.4,54.82,True
600000,浦发银行,沪市,2023-07-21,3.2,6.51,6.67,2.46,49.16,51.61,True
601166,兴业银行,沪市,2026-02-06,5.65,20.62,18.85,-8.58,27.4,18.82,True
601166,兴业银行,沪市,2025-06-20,10.6,21.07,22.48,6.69,50.31,57.0,True
601166,兴业银行,沪市,2024-07-09,10.4,15.28,15.24,-0.26,68.06,67.8,True
601166,兴业银行,沪市,2023-06-19,11.88,13.82,13.77,-0.36,85.96,85.6,True
600016,民生银行,沪市,2025-09-16,1.36,4.55,4.13,-9.23,29.89,20.66,True
600016,民生银行,沪市,2025-07-14,0.62,4.57,5.2,13.79,13.57,27.35,True
600016,民生银行,沪市,2024-11-13,1.3,3.67,3.64,-0.82,35.42,34.6,True
600016,民生银行,沪市,2024-07-12,2.16,3.32,3.45,3.92,65.06,68.98,True
600016,民生银行,沪市,2023-06-26,2.14,3.22,3.21,-0.31,66.46,66.15,True
601328,交通银行,沪市,2025-12-25,1.563,7.56,7.2,-4.76,20.67,15.91,True
601328,交通银行,沪市,2025-04-18,1.97,6.97,7.41,6.31,28.26,34.58,True
601328,交通银行,沪市,2025-01-24,1.82,7.2,6.84,-5.0,25.28,20.28,True
601328,交通银行,沪市,2024-07-10,3.75,6.52,6.87,5.37,57.52,62.88,True
601328,交通银行,沪市,2023-07-12,3.73,4.88,4.81,-1.43,76.43,75.0,True
600030,中信证券,沪市,2026-02-09,2.9,28.28,28.06,-0.78,10.25,9.48,True
600030,中信证券,沪市,2025-08-25,2.8,29.14,31.81,9.16,9.61,18.77,True
600030,中信证券,沪市,2024-12-20,2.4,30.89,29.77,-3.63,7.77,4.14,True
600030,中信证券,沪市,2024-08-26,4.75,18.28,17.97,-1.7,25.98,24.29,True
600030,中信证券,沪市,2023-08-25,4.9,20.24,22.24,9.88,24.21,34.09,True
601688,华泰证券,沪市,2025-12-12,1.5,22.15,22.16,0.05,6.77,6.82,True
601688,华泰证券,沪市,2025-08-15,3.7,17.69,21.6,22.1,20.92,43.02,True
601688,华泰证券,沪市,2024-10-25,1.5,13.63,16.75,22.89,11.01,33.9,True
601688,华泰证券,沪市,2024-08-16,4.3,11.78,12.09,2.63,36.5,39.13,True
601688,华泰证券,沪市,2023-08-11,4.5,12.85,15.91,23.81,35.02,58.83,True
600009,上海机场,沪市,2025-10-16,2.1,31.85,31.6,-0.78,6.59,5.81,True
600009,上海机场,沪市,2025-08-08,3.0,31.19,31.7,1.64,9.62,11.25,True
600009,上海机场,沪市,2024-09-09,1.0034,33.36,31.25,-6.32,3.01,-3.32,False
600009,上海机场,沪市,2024-07-19,1.2,33.0,34.95,5.91,3.64,9.55,True
600104,上汽集团,沪市,2025-07-31,0.88,15.88,17.18,8.19,5.54,13.73,True
600104,上汽集团,沪市,2024-08-16,3.7044,14.34,13.02,-9.21,25.83,16.63,True
600104,上汽集团,沪市,2023-07-19,3.371,13.38,13.82,3.29,25.19,28.48,True
600900,长江电力,沪市,2026-02-12,2.1,27.14,26.12,-3.76,7.74,3.98,True
600900,长江电力,沪市,2025-07-18,7.33,29.73,29.27,-1.55,24.66,23.11,True
600900,长江电力,沪市,2025-01-24,2.1,28.62,27.3,-4.61,7.34,2.73,True
600900,长江电力,沪市,2024-07-19,8.2,26.24,29.38,11.97,31.25,43.22,True
600900,长江电力,沪市,2023-07-21,8.533,19.92,20.21,1.46,42.84,44.29,True
601888,中国中免,沪市,2025-12-16,2.5,88.0,80.1,-8.98,2.84,-6.14,False
601888,中国中免,沪市,2025-06-20,10.5,60.64,59.99,-1.07,17.32,16.24,True
601888,中国中免,沪市,2024-06-14,16.5,70.26,67.87,-3.4,23.48,20.08,True
601888,中国中免,沪市,2023-07-21,8.0,116.05,108.81,-6.24,6.89,0.65,True
600585,海螺水泥,沪市,2025-09-30,2.4,24.1,23.22,-3.65,9.96,6.31,True
600585,海螺水泥,沪市,2025-06-27,7.1,22.13,21.22,-4.11,32.08,27.97,True
600585,海螺水泥,沪市,2024-06-24,9.6,22.5,22.17,-1.47,42.67,41.2,True
600585,海螺水泥,沪市,2023-06-20,14.8,22.92,22.38,-2.36,64.57,62.22,True
601012,隆基绿能,沪市,2024-07-15,1.7,16.52,13.89,-15.92,10.29,-5.63,False
601012,隆基绿能,沪市,2023-06-19,4.0,32.13,28.63,-10.89,12.45,1.56,True
600690,海尔智家,沪市,2025-11-07,2.692,25.08,26.6,6.06,10.73,16.79,True
600690,海尔智家,沪市,2025-07-25,9.6504,23.82,25.57,7.35,40.51,47.86,True
600690,海尔智家,沪市,2024-08-16,8.0131,24.67,23.16,-6.12,32.48,26.36,True
600690,海尔智家,沪市,2023-08-25,5.6692,21.57,20.9,-3.11,26.28,23.18,True
601669,中国电建,沪市,2025-07-18,1.2695,4.7,5.08,8.09,27.01,35.1,True
601669,中国电建,沪市,2024-07-19,1.3649,5.29,5.24,-0.95,25.8,24.86,True
601669,中国电建,沪市,2023-07-11,1.2007,5.35,5.43,1.5,22.44,23.94,True
601186,中国铁建,沪市,2025-07-22,3.0,7.55,8.81,16.69,39.74,56.42,True
601186,中国铁建,沪市,2024-07-23,3.5,7.93,7.82,-1.39,44.14,42.75,True
601186,中国铁建,沪市,2023-08-02,2.8,9.21,9.71,5.43,30.4,35.83,True
601668,中国建筑,沪市,2025-07-17,2.715,5.49,5.82,6.01,49.45,55.46,True
601668,中国建筑,沪市,2024-06-27,2.7145,5.16,5.02,-2.71,52.61,49.89,True
601668,中国建筑,沪市,2023-06-30,2.527,5.13,5.21,1.56,49.26,50.82,True
601628,中国人寿,沪市,2025-10-17,2.38,39.02,40.81,4.59,6.1,10.69,True
601628,中国人寿,沪市,2025-07-10,4.5,38.8,39.78,2.53,11.6,14.12,True
601628,中国人寿,沪市,2024-11-13,2.0,43.08,44.43,3.13,4.64,7.78,True
601628,中国人寿,沪市,2024-07-11,4.3,29.81,30.2,1.31,14.42,15.73,True
601628,中国人寿,沪市,2023-07-13,4.9,36.1,32.53,-9.89,13.57,3.68,True
601088,中国神华,沪市,2025-11-10,9.8,38.88,43.15,10.98,25.21,36.19,True
601088,中国神华,沪市,2025-07-07,22.6,36.53,36.86,0.9,61.87,62.77,True
601088,中国神华,沪市,2024-07-08,22.6,38.74,40.07,3.43,58.34,61.77,True
601088,中国神华,沪市,2023-07-05,25.5,23.01,25.32,10.04,110.82,120.86,True
601857,中国石油,沪市,2025-09-17,2.2,8.36,8.46,1.2,26.32,27.51,True
601857,中国石油,沪市,2025-06-25,2.5,7.76,8.47,9.15,32.22,41.37,True
601857,中国石油,沪市,2024-09-19,2.2,8.19,7.44,-9.16,26.86,17.7,True
601857,中国石油,沪市,2024-06-26,2.3,9.22,8.94,-3.04,24.95,21.91,True
601857,中国石油,沪市,2023-09-20,2.1,6.64,7.31,10.09,31.63,41.72,True
601857,中国石油,沪市,2023-06-28,2.2,6.5,6.62,1.85,33.85,35.69,True
600050,中国联通,沪市,2025-10-24,1.112,5.37,5.43,1.12,20.71,21.82,True
600050,中国联通,沪市,2025-06-27,0.621,5.16,5.2,0.78,12.03,12.81,True
600050,中国联通,沪市,2024-10-30,0.959,5.09,4.85,-4.72,18.84,14.13,True
600050,中国联通,沪市,2024-07-19,0.524,4.3,4.56,6.05,12.19,18.23,True
600050,中国联通,沪市,2023-12-08,0.796,4.16,4.08,-1.92,19.13,17.21,True
600050,中国联通,沪市,2023-07-07,0.427,4.68,4.33,-7.48,9.12,1.65,True
601800,中国交建,沪市,2026-01-09,1.178,8.42,8.29,-1.54,13.99,12.45,True
601800,中国交建,沪市,2025-07-01,1.6161,8.51,8.58,0.82,18.99,19.81,True
601800,中国交建,沪市,2025-01-22,1.4005,10.17,8.97,-11.8,13.77,1.97,True
601800,中国交建,沪市,2024-07-10,2.9256,8.37,7.79,-6.93,34.95,28.02,True
601800,中国交建,沪市,2023-07-18,2.1707,10.07,9.91,-1.59,21.56,19.97,True
601898,中煤能源,沪市,2025-10-22,1.66,11.42,13.14,15.06,14.54,29.6,True
601898,中煤能源,沪市,2025-08-27,2.58,11.55,11.34,-1.82,22.34,20.52,True
601898,中煤能源,沪市,2024-10-23,2.21,12.59,12.79,1.59,17.55,19.14,True
601898,中煤能源,沪市,2024-08-20,4.42,10.93,12.09,10.61,40.44,51.05,True
601898,中煤能源,沪市,2023-07-26,4.13,6.92,7.68,10.98,59.68,70.66,True
601390,中国中铁,沪市,2025-12-23,0.82,5.35,5.4,0.93,15.33,16.26,True
601390,中国中铁,沪市,2025-07-18,1.78,5.24,5.55,5.92,33.97,39.89,True
601390,中国中铁,沪市,2024-07-26,2.1,5.94,5.84,-1.68,35.35,33.67,True
601390,中国中铁,沪市,2023-07-28,2.0,6.77,7.05,4.14,29.54,33.68,True
601766,中国中车,沪市,2025-11-20,1.1,7.81,7.45,-4.61,14.08,9.48,True
601766,中国中车,沪市,2025-08-14,2.1,7.19,7.2,0.14,29.21,29.35,True
601766,中国中车,沪市,2024-08-14,2.0,7.16,7.11,-0.7,27.93,27.23,True
601766,中国中车,沪市,2023-08-11,2.0,5.84,5.88,0.68,34.25,34.93,True
600019,宝钢股份,沪市,2025-09-24,1.2,7.14,6.86,-3.92,16.81,12.89,True
600019,宝钢股份,沪市,2025-06-11,1.0,6.69,6.59,-1.49,14.95,13.45,True
600019,宝钢股份,沪市,2024-09-25,1.1,5.72,5.98,4.55,19.23,23.78,True
600019,宝钢股份,沪市,2024-06-13,2.0,6.42,6.33,-1.4,31.15,29.75,True
600019,宝钢股份,沪市,2023-10-16,1.1,5.64,5.45,-3.37,19.5,16.13,True
600019,宝钢股份,沪市,2023-06-14,1.0,5.72,5.2,-9.09,17.48,8.39,True
600023,浙能电力,沪市,2025-10-17,0.5,5.05,5.18,2.57,9.9,12.48,True
600023,浙能电力,沪市,2025-07-09,2.9,5.04,5.17,2.58,57.54,60.12,True
600023,浙能电力,沪市,2024-07-09,2.5,6.27,7.17,14.35,39.87,54.23,True
600795,国电电力,沪市,2025-10-29,1.0,4.9,5.35,9.18,20.41,29.59,True
600795,国电电力,沪市,2025-07-10,1.1,4.42,4.66,5.43,24.89,30.32,True
600795,国电电力,沪市,2024-10-31,0.9,5.15,4.64,-9.9,17.48,7.57,True
600795,国电电力,沪市,2024-07-05,0.7,5.31,5.59,5.27,13.18,18.46,True
600795,国电电力,沪市,2023-10-24,0.5,3.41,3.33,-2.35,14.66,12.32,True
600795,国电电力,沪市,2023-07-06,1.0,3.45,3.42,-0.87,28.99,28.12,True
601225,陕西煤业,沪市,2025-09-26,0.39,21.35,20.32,-4.82,1.83,-3.0,False
601225,陕西煤业,沪市,2025-06-25,11.36,19.57,19.26,-1.58,58.05,56.46,True
601225,陕西煤业,沪市,2025-01-17,1.03,23.64,20.7,-12.44,4.36,-8.08,False
601225,陕西煤业,沪市,2024-10-23,1.09,22.39,23.55,5.18,4.87,10.05,True
601225,陕西煤业,沪市,2024-06-28,13.15,23.35,24.09,3.17,56.32,59.49,True
601225,陕西煤业,沪市,2023-07-12,21.8,14.13,14.94,5.73,154.28,160.01,True
600031,三一重工,沪市,2025-10-15,3.1,20.38,23.46,15.11,15.21,30.32,True
600031,三一重工,沪市,2025-06-11,3.6,19.34,17.67,-8.63,18.61,9.98,True
600031,三一重工,沪市,2024-06-21,2.2,16.15,15.42,-4.52,13.62,9.1,True
600031,三一重工,沪市,2023-05-31,1.6,15.56,14.0,-10.03,10.28,0.26,True
600048,保利发展,沪市,2025-08-20,1.7,7.88,7.87,-0.13,21.57,21.45,True
600048,保利发展,沪市,2024-07-30,4.1,8.17,8.15,-0.24,50.18,49.94,True
600048,保利发展,沪市,2023-06-09,4.5,13.07,12.49,-4.44,34.43,29.99,True
600089,特变电工,沪市,2025-07-10,2.5,11.39,12.2,7.11,21.95,29.06,True
600089,特变电工,沪市,2024-07-04,2.0,14.52,13.23,-8.88,13.77,4.89,True
600089,特变电工,沪市,2023-07-18,11.2,15.86,16.01,0.95,70.62,71.56,True
600004,白云机场,沪市,2025-06-27,1.57,9.5,9.14,-3.79,16.53,12.74,True
600004,白云机场,沪市,2024-08-09,0.747,9.33,9.22,-1.18,8.01,6.83,True
600011,华能国际,沪市,2025-07-10,2.7,7.04,7.11,0.99,38.35,39.35,True
600011,华能国际,沪市,2024-07-11,2.0,8.7,8.64,-0.69,22.99,22.3,True
600028,中国石化,沪市,2025-09-12,0.88,5.63,5.53,-1.78,15.63,13.85,True
600028,中国石化,沪市,2025-06-18,1.4,5.46,5.67,3.85,25.64,29.49,True
600028,中国石化,沪市,2024-09-13,1.46,6.24,5.95,-4.65,23.4,18.75,True
600028,中国石化,沪市,2024-07-16,2.0,5.6,6.09,8.75,35.71,44.46,True
600028,中国石化,沪市,2023-09-15,1.45,5.4,5.54,2.59,26.85,29.44,True
600028,中国石化,沪市,2023-06-21,1.95,5.45,5.52,1.28,35.78,37.06,True
600150,中国船舶,沪市,2025-06-23,2.5,30.81,31.04,0.75,8.11,8.86,True
600150,中国船舶,沪市,2024-08-09,2.0,40.58,37.74,-7.0,4.93,-2.07,False
600150,中国船舶,沪市,2023-07-12,0.2,27.37,29.84,9.02,0.73,9.76,True
600176,中国巨石,沪市,2025-10-15,1.7,15.2,15.93,4.8,11.18,15.99,True
600176,中国巨石,沪市,2025-05-21,2.4,11.62,11.77,1.29,20.65,21.94,True
600176,中国巨石,沪市,2024-05-29,2.75,11.39,11.5,0.97,24.14,25.11,True
600176,中国巨石,沪市,2023-05-25,5.21,13.14,12.88,-1.98,39.65,37.67,True
600276,恒瑞医药,沪市,2025-05-23,2.0,50.91,54.5,7.05,3.93,10.98,True
600276,恒瑞医药,沪市,2024-07-12,2.0,41.74,41.12,-1.49,4.79,3.31,True
600276,恒瑞医药,沪市,2023-06-08,1.6,45.38,45.2,-0.4,3.53,3.13,True
600309,万华化学,沪市,2025-05-30,7.3,53.72,54.14,0.78,13.59,14.37,True
600309,万华化学,沪市,2024-09-05,5.2,70.82,69.87,-1.34,7.34,6.0,True
600309,万华化学,沪市,2024-04-22,16.25,74.24,84.53,13.86,21.89,35.75,True
600309,万华化学,沪市,2023-05-26,16.0,86.54,82.92,-4.18,18.49,14.31,True
600346,恒力石化,沪市,2025-09-24,0.8,17.07,16.29,-4.57,4.69,0.12,True
600346,恒力石化,沪市,2025-06-19,4.5,15.24,14.11,-7.41,29.53,22.11,True
600346,恒力石化,沪市,2024-05-27,5.5,14.32,14.18,-0.98,38.41,37.43,True
600406,国电南瑞,沪市,2025-09-30,1.47,21.61,22.96,6.25,6.8,13.05,True
600406,国电南瑞,沪市,2025-06-27,4.35,21.48,22.12,2.98,20.25,23.23,True
600406,国电南瑞,沪市,2024-10-25,1.35,25.67,25.63,-0.16,5.26,5.1,True
600406,国电南瑞,沪市,2024-06-14,5.4,22.33,23.18,3.81,24.18,27.99,True
600406,国电南瑞,沪市,2023-06-21,3.9,21.67,21.61,-0.28,18.0,17.72,True
600436,片仔癀,沪市,2025-09-30,14.0,207.74,196.79,-5.27,6.74,1.47,True
600436,片仔癀,沪市,2025-07-31,18.2,196.47,197.58,0.56,9.26,9.83,True
600436,片仔癀,沪市,2024-10-22,11.5,196.86,234.86,19.3,5.84,25.14,True
600436,片仔癀,沪市,2024-06-07,23.2,232.93,221.62,-4.86,9.96,5.1,True
600436,片仔癀,沪市,2023-07-12,12.5,280.53,274.19,-2.26,4.46,2.2,True
600570,恒生电子,沪市,2025-06-06,1.0,26.59,26.88,1.09,3.76,4.85,True
600570,恒生电子,沪市,2024-06-11,1.3,20.87,19.31,-7.47,6.23,-1.25,False
600570,恒生电子,沪市,2023-06-19,1.3,42.22,45.71,8.27,3.08,11.35,True
600584,长电科技,沪市,2025-09-26,0.3,38.57,41.33,7.16,0.78,7.93,True
600584,长电科技,沪市,2025-06-20,1.2,32.92,31.52,-4.25,3.65,-0.61,False
600584,长电科技,沪市,2024-06-27,1.0,24.96,31.29,25.36,4.01,29.37,True
600584,长电科技,沪市,2023-06-21,2.0,29.3,33.29,13.62,6.83,20.44,True
600588,用友网络,沪市,2023-05-12,0.6,25.03,20.19,-19.34,2.4,-16.94,False
600809,山西汾酒,沪市,2025-07-07,36.0,177.89,172.49,-3.04,20.24,17.2,True
600809,山西汾酒,沪市,2025-01-24,24.6,182.44,170.2,-6.71,13.48,6.77,True
600809,山西汾酒,沪市,2024-07-05,43.7,230.53,186.9,-18.93,18.96,0.03,True
600809,山西汾酒,沪市,2023-06-26,33.2,202.04,184.83,-8.52,16.43,7.91,True
600893,航发动力,沪市,2025-06-27,0.97,33.58,36.36,8.28,2.89,11.17,True
600893,航发动力,沪市,2024-06-27,1.6,35.3,35.34,0.11,4.53,4.65,True
600893,航发动力,沪市,2023-06-16,1.45,42.11,40.5,-3.82,3.44,-0.38,False
600905,三峡能源,沪市,2025-08-19,0.67,4.23,4.24,0.24,15.84,16.08,True
600905,三峡能源,沪市,2024-08-14,0.78,4.3,4.6,6.98,18.14,25.12,True
600905,三峡能源,沪市,2023-08-10,0.76,5.12,5.13,0.2,14.84,15.04,True
600941,中国移动,沪市,2025-09-01,25.025,105.61,106.99,1.31,23.7,25.0,True
600941,中国移动,沪市,2025-06-06,22.916,109.52,113.95,4.04,20.92,24.97,True
600941,中国移动,沪市,2024-09-02,23.789,99.82,98.6,-1.22,23.83,22.61,True
600941,中国移动,沪市,2024-06-06,21.849,92.66,94.14,1.6,23.58,25.18,True
600941,中国移动,沪市,2023-09-01,22.247,83.69,88.8,6.11,26.58,32.69,True
600941,中国移动,沪市,2023-06-07,19.796,94.52,85.89,-9.13,20.94,11.81,True
601138,工业富联,沪市,2026-01-16,3.3,61.17,63.0,2.99,5.39,8.39,True
601138,工业富联,沪市,2025-07-31,6.4,20.87,34.42,64.93,30.67,95.59,True
601138,工业富联,沪市,2024-08-15,5.8,26.06,20.15,-22.68,22.26,-0.42,False
601138,工业富联,沪市,2023-07-28,5.5,21.28,21.12,-0.75,25.85,25.09,True
601211,国泰君安,沪市,2025-10-28,1.5,18.56,18.83,1.45,8.08,9.54,True
601211,国泰君安,沪市,2025-07-28,2.8,18.81,20.63,9.68,14.89,24.56,True
601211,国泰君安,沪市,2024-10-21,1.5,14.28,18.77,31.44,10.5,41.95,True
601211,国泰君安,沪市,2024-06-28,4.0,13.26,13.16,-0.75,30.17,29.41,True
601211,国泰君安,沪市,2023-06-29,5.3,13.43,13.0,-3.2,39.46,36.26,True
601236,红塔证券,沪市,2025-10-16,0.5,8.96,9.08,1.34,5.58,6.92,True
601236,红塔证券,沪市,2025-05-12,1.03,7.26,7.54,3.86,14.19,18.04,True
601236,红塔证券,沪市,2024-10-11,0.47,6.44,8.99,39.6,7.3,46.89,True
601236,红塔证券,沪市,2024-05-16,0.6,6.61,6.89,4.24,9.08,13.31,True
601236,红塔证券,沪市,2023-06-02,0.5,7.93,7.7,-2.9,6.31,3.4,True
601633,长城汽车,沪市,2025-07-16,4.5,21.03,21.62,2.81,21.4,24.2,True
601633,长城汽车,沪市,2024-06-12,3.0,25.33,24.16,-4.62,11.84,7.22,True
601633,长城汽车,沪市,2023-07-13,3.0,23.02,24.85,7.95,13.03,20.98,True
601728,中国电信,沪市,2025-09-04,1.812,7.23,7.4,2.35,25.06,27.41,True
601728,中国电信,沪市,2025-06-11,0.927,7.52,7.57,0.66,12.33,12.99,True
601728,中国电信,沪市,2024-09-11,1.671,5.34,5.84,9.36,31.29,40.66,True
601728,中国电信,沪市,2024-06-13,0.9,5.47,5.42,-0.91,16.45,15.54,True
601728,中国电信,沪市,2023-08-31,1.432,5.17,5.32,2.9,27.7,30.6,True
601728,中国电信,沪市,2023-06-09,0.76,6.01,5.85,-2.66,12.65,9.98,True
601788,光大证券,沪市,2025-11-26,1.095,19.01,17.28,-9.1,5.76,-3.34,False
601788,光大证券,沪市,2025-08-13,1.086,17.94,18.25,1.73,6.05,7.78,True
601788,光大证券,沪市,2024-12-10,0.905,18.54,20.26,9.28,4.88,14.16,True
601788,光大证券,沪市,2024-07-25,2.803,14.6,14.03,-3.9,19.2,15.29,True
601788,光大证券,沪市,2023-08-22,2.1,15.68,16.54,5.48,13.39,18.88,True
601816,京沪高铁,沪市,2025-10-27,0.385,5.16,5.22,1.16,7.46,8.62,True
601816,京沪高铁,沪市,2025-07-15,1.182,5.58,5.52,-1.08,21.18,20.11,True
601816,京沪高铁,沪市,2024-06-28,1.116,4.88,5.22,6.97,22.87,29.84,True
601816,京沪高铁,沪市,2023-07-28,0.114,5.07,5.35,5.52,2.25,7.77,True
601838,成都银行,沪市,2025-07-28,8.91,19.24,18.75,-2.55,46.31,43.76,True
601838,成都银行,沪市,2024-07-05,8.968,13.82,13.58,-1.74,64.89,63.15,True
601838,成都银行,沪市,2023-07-26,7.6793,10.39,11.55,11.16,73.91,85.08,True
601877,正泰电器,沪市,2025-06-12,6.0,22.43,22.1,-1.47,26.75,25.28,True
601877,正泰电器,沪市,2024-06-27,5.5,20.75,18.33,-11.66,26.51,14.84,True
601877,正泰电器,沪市,2023-07-13,4.0,24.9,26.3,5.62,16.06,21.69,True
601899,紫金矿业,沪市,2025-09-30,2.2,22.9,29.44,28.56,9.61,38.17,True
601899,紫金矿业,沪市,2025-06-13,2.8,17.51,19.0,8.51,15.99,24.5,True
601899,紫金矿业,沪市,2024-08-09,1.0,17.86,15.0,-16.01,5.6,-10.41,False
601899,紫金矿业,沪市,2024-06-11,2.0,17.52,16.52,-5.71,11.42,5.71,True
601899,紫金矿业,沪市,2023-12-25,0.5,11.34,11.74,3.53,4.41,7.94,True
601899,紫金矿业,沪市,2023-06-15,2.0,10.58,11.29,6.71,18.9,25.61,True
601919,中远海控,沪市,2025-10-24,5.6,13.89,14.51,4.46,40.32,44.78,True
601919,中远海控,沪市,2025-06-25,10.3,14.89,14.5,-2.62,69.17,66.55,True
601919,中远海控,沪市,2024-10-10,5.2,10.1,13.62,34.85,51.49,86.34,True
601919,中远海控,沪市,2024-06-20,2.3,12.23,13.95,14.06,18.81,32.87,True
601919,中远海控,沪市,2023-12-20,5.1,7.88,8.59,9.01,64.72,73.73,True
601919,中远海控,沪市,2023-06-28,13.9,7.71,7.66,-0.65,180.29,179.64,True
601985,中国核电,沪市,2026-01-13,0.2,8.76,9.02,2.97,2.28,5.25,True
601985,中国核电,沪市,2025-07-18,1.6,9.41,9.21,-2.13,17.0,14.88,True
601985,中国核电,沪市,2024-12-02,0.2,9.87,9.32,-5.57,2.03,-3.55,False
601985,中国核电,沪市,2024-07-16,1.95,9.66,11.25,16.46,20.19,36.65,True
601985,中国核电,沪市,2023-07-14,1.7,6.33,6.93,9.48,26.86,36.33,True
601988,中国银行,沪市,2025-12-11,1.094,5.57,5.71,2.51,19.64,22.15,True
601988,中国银行,沪市,2025-04-25,1.216,5.26,5.55,5.51,23.12,28.63,True
601988,中国银行,沪市,2025-01-23,1.208,5.1,5.13,0.59,23.69,24.27,True
601988,中国银行,沪市,2024-07-17,2.364,3.96,4.37,10.35,59.7,70.05,True
601988,中国银行,沪市,2023-07-17,2.32,3.33,3.37,1.2,69.67,70.87,True
603259,药明康德,沪市,2025-09-26,3.5,95.09,102.92,8.23,3.68,11.92,True
603259,药明康德,沪市,2025-05-21,9.8169,52.57,61.85,17.65,18.67,36.33,True
603259,药明康德,沪市,2024-06-26,9.8974,40.37,39.23,-2.82,24.52,21.69,True
603259,药明康德,沪市,2023-06-14,8.9266,64.85,64.39,-0.71,13.76,13.06,True
603288,海天味业,沪市,2026-02-06,3.0,37.89,37.09,-2.11,7.92,5.81,True
603288,海天味业,沪市,2025-09-24,2.6,40.51,38.49,-4.99,6.42,1.43,True
603288,海天味业,沪市,2025-06-05,8.6,40.37,42.48,5.23,21.3,26.53,True
603288,海天味业,沪市,2024-06-19,6.6,36.38,33.84,-6.98,18.14,11.16,True
603288,海天味业,沪市,2023-06-01,7.0,55.17,47.55,-13.81,12.69,-1.12,False
603501,韦尔股份,沪市,2025-11-24,4.0,132.16,116.81,-11.61,3.03,-8.59,False
603501,韦尔股份,沪市,2025-08-01,2.2,123.97,118.91,-4.08,1.77,-2.31,False
603501,韦尔股份,沪市,2024-12-18,2.0,104.19,100.53,-3.51,1.92,-1.59,False
603501,韦尔股份,沪市,2024-08-13,1.4,107.93,92.72,-14.09,1.3,-12.8,False
603501,韦尔股份,沪市,2023-07-31,0.84,97.1,101.7,4.74,0.87,5.6,True
603799,华友钴业,沪市,2025-06-11,5.0,34.53,34.99,1.33,14.48,15.81,True
603799,华友钴业,沪市,2024-06-17,10.0,27.95,24.07,-13.88,35.78,21.9,True
603799,华友钴业,沪市,2023-06-01,2.0,49.05,43.67,-10.97,4.08,-6.89,False
603986,兆易创新,沪市,2025-07-03,3.4,112.56,119.72,6.36,3.02,9.38,True
603986,兆易创新,沪市,2023-06-20,6.2,111.09,113.04,1.76,5.58,7.34,True
000858,五粮液,深市,2025-12-18,25.78,117.62,110.43,-6.11,21.92,15.81,True
000858,五粮液,深市,2025-07-18,31.69,112.73,120.97,7.31,28.11,35.42,True
000858,五粮液,深市,2025-01-23,25.76,133.99,122.56,-8.53,19.23,10.69,True
000858,五粮液,深市,2024-07-12,46.7,124.17,118.97,-4.19,37.61,33.42,True
000858,五粮液,深市,2023-06-27,37.82,149.68,149.57,-0.07,25.27,25.19,True
000651,格力电器,深市,2026-01-23,10.0,39.77,39.43,-0.85,25.14,24.29,True
000651,格力电器,深市,2025-08-29,20.0,43.33,41.56,-4.08,46.16,42.07,True
000651,格力电器,深市,2025-05-15,10.0,41.03,43.17,5.22,24.37,29.59,True
000651,格力电器,深市,2024-08-28,23.8,34.39,35.48,3.17,69.21,72.38,True
000651,格力电器,深市,2023-08-09,10.0,30.83,31.91,3.5,32.44,35.94,True
000333,美的集团,深市,2025-11-18,5.0,72.34,77.4,6.99,6.91,13.91,True
000333,美的集团,深市,2025-06-12,35.0,73.1,71.75,-1.85,47.88,46.03,True
000333,美的集团,深市,2024-05-15,30.0,60.7,66.13,8.95,49.42,58.37,True
000333,美的集团,深市,2023-06-01,25.0,49.1,44.4,-9.57,50.92,41.34,True
002594,比亚迪,深市,2025-07-29,39.74,110.1,111.42,1.2,36.09,37.29,True
002594,比亚迪,深市,2024-07-29,30.9777,81.43,82.05,0.76,38.04,38.8,True
002594,比亚迪,深市,2023-07-28,11.42,84.32,86.88,3.04,13.54,16.58,True
000002,万科A,深市,2023-08-25,6.8,14.14,13.44,-4.95,48.09,43.14,True
000001,平安银行,深市,2025-10-15,2.36,11.41,11.4,-0.09,20.68,20.6,True
000001,平安银行,深市,2025-06-12,3.62,10.72,11.44,6.72,33.77,40.49,True
000001,平安银行,深市,2024-10-10,2.46,9.2,11.38,23.7,26.74,50.43,True
000001,平安银行,深市,2024-06-14,7.19,9.4,9.46,0.64,76.49,77.13,True
000001,平安银行,深市,2023-06-14,2.85,10.86,9.95,-8.38,26.24,17.86,True
000063,中兴通讯,深市,2025-04-16,6.17,36.57,31.35,-14.27,16.87,2.6,True
000063,中兴通讯,深市,2024-07-15,6.83,26.63,27.25,2.33,25.65,27.98,True
000063,中兴通讯,深市,2023-05-16,4.0,32.51,29.78,-8.4,12.3,3.91,True
000100,TCL科技,深市,2025-07-18,0.5,4.32,4.51,4.4,11.57,15.97,True
000100,TCL科技,深市,2024-06-04,0.8,4.64,4.36,-6.03,17.24,11.21,True
000338,潍柴动力,深市,2025-10-24,3.58,13.81,14.2,2.82,25.92,28.75,True
000338,潍柴动力,深市,2025-07-25,3.47,15.06,15.24,1.2,23.04,24.24,True
000338,潍柴动力,深市,2024-10-18,3.72,11.17,12.85,15.04,33.3,48.34,True
000338,潍柴动力,深市,2024-06-28,2.93,14.68,15.08,2.72,19.96,22.68,True
000338,潍柴动力,深市,2023-10-27,2.26,11.31,12.67,12.02,19.98,32.01,True
000338,潍柴动力,深市,2023-08-25,1.58,11.12,10.42,-6.29,14.21,7.91,True
000157,中联重科,深市,2026-01-09,2.0,8.46,8.57,1.3,23.64,24.94,True
000157,中联重科,深市,2025-07-25,3.0,6.82,7.4,8.5,43.99,52.49,True
000157,中联重科,深市,2024-07-26,3.2,6.99,6.35,-9.16,45.78,36.62,True
000157,中联重科,深市,2023-07-21,3.2,5.67,5.93,4.59,56.44,61.02,True
000425,徐工机械,深市,2025-07-09,1.8,7.83,8.24,5.24,22.99,28.22,True
000425,徐工机械,深市,2024-07-03,1.8,6.86,6.38,-7.0,26.24,19.24,True
000425,徐工机械,深市,2023-06-14,1.5,5.82,6.35,9.11,25.77,34.88,True
000568,泸州老窖,深市,2026-01-30,13.58,114.95,120.9,5.18,11.81,16.99,True
000568,泸州老窖,深市,2025-08-08,45.92,109.06,120.81,10.77,42.11,52.88,True
000568,泸州老窖,深市,2025-01-24,13.58,122.11,109.55,-10.29,11.12,0.84,True
000568,泸州老窖,深市,2024-08-23,54.0008,120.72,111.42,-7.7,44.73,37.03,True
000568,泸州老窖,深市,2023-08-28,42.25,216.7,205.7,-5.08,19.5,14.42,True
000596,古井贡酒,深市,2026-02-10,10.0,136.64,128.34,-6.07,7.32,1.24,True
000596,古井贡酒,深市,2025-06-26,50.0,145.7,132.61,-8.98,34.32,25.33,True
000596,古井贡酒,深市,2025-01-24,10.0,166.91,159.48,-4.45,5.99,1.54,True
000596,古井贡酒,深市,2024-06-20,45.0,244.77,214.18,-12.5,18.38,5.89,True
000596,古井贡酒,深市,2023-07-13,30.0,236.41,229.98,-2.72,12.69,9.97,True
000725,京东方A,深市,2025-06-25,0.5,3.78,3.96,4.76,13.23,17.99,True
000725,京东方A,深市,2024-06-19,0.3,4.25,4.06,-4.47,7.06,2.59,True
000725,京东方A,深市,2023-06-07,0.61,3.86,3.86,0.0,15.8,15.8,True
000768,中航西飞,深市,2025-06-23,1.2,24.36,24.9,2.22,4.93,7.14,True
000768,中航西飞,深市,2024-06-21,1.0,24.22,23.91,-1.28,4.13,2.85,True
000768,中航西飞,深市,2023-06-29,1.0,24.46,25.49,4.21,4.09,8.3,True
000876,新希望,深市,2025-07-25,0.2412,9.44,10.02,6.14,2.56,8.7,True
000895,双汇发展,深市,2026-04-29,8.0,27.64,27.62,-0.07,28.94,28.87,True
000895,双汇发展,深市,2025-08-22,6.5,24.1,24.05,-0.21,26.97,26.76,True
000895,双汇发展,深市,2025-04-30,7.5,24.84,23.67,-4.71,30.19,25.48,True
000895,双汇发展,深市,2024-09-11,6.6,21.23,21.32,0.42,31.09,31.51,True
000895,双汇发展,深市,2024-04-26,7.0,22.57,24.18,7.13,31.01,38.15,True
000895,双汇发展,深市,2023-09-11,7.5,21.27,22.55,6.02,35.26,41.28,True
000938,紫光股份,深市,2025-06-13,0.75,25.46,23.22,-8.8,2.95,-5.85,False
000938,紫光股份,深市,2024-06-19,1.4,22.08,23.72,7.43,6.34,13.77,True
002001,新和成,深市,2025-10-20,2.0,24.06,23.34,-2.99,8.31,5.32,True
002001,新和成,深市,2025-05-21,5.0,21.1,22.31,5.73,23.7,29.43,True
002001,新和成,深市,2025-01-22,2.0,21.11,21.8,3.27,9.47,12.74,True
002001,新和成,深市,2024-05-29,4.5,17.72,18.18,2.6,25.4,27.99,True
002001,新和成,深市,2023-06-14,5.0,15.06,14.29,-5.11,33.2,28.09,True
002027,分众传媒,深市,2025-11-25,0.5,7.43,7.4,-0.4,6.73,6.33,True
002027,分众传媒,深市,2025-10-17,1.0,8.18,7.42,-9.29,12.22,2.93,True
002027,分众传媒,深市,2025-08-22,2.3,7.23,7.92,9.54,31.81,41.36,True
002027,分众传媒,深市,2024-09-26,1.0,5.17,5.97,15.47,19.34,34.82,True
002027,分众传媒,深市,2024-06-13,3.3,6.07,5.7,-6.1,54.37,48.27,True
002027,分众传媒,深市,2023-07-03,2.8,5.52,5.76,4.35,50.72,55.07,True
002050,三花智控,深市,2026-01-15,1.2,42.78,54.59,27.61,2.81,30.41,True
002050,三花智控,深市,2025-05-22,2.5,24.62,26.26,6.66,10.15,16.82,True
002050,三花智控,深市,2024-10-23,1.0,17.28,22.59,30.73,5.79,36.52,True
002050,三花智控,深市,2024-06-13,2.5,20.87,24.15,15.72,11.98,27.7,True
002050,三花智控,深市,2023-10-18,0.5,27.47,27.01,-1.67,1.82,0.15,True
002050,三花智控,深市,2023-06-09,2.0,22.26,23.53,5.71,8.98,14.69,True
002230,科大讯飞,深市,2025-07-04,1.0,47.89,46.91,-2.05,2.09,0.04,True
002230,科大讯飞,深市,2024-07-05,1.0,42.16,41.11,-2.49,2.37,-0.12,False
002230,科大讯飞,深市,2023-07-05,1.0,66.48,64.39,-3.14,1.5,-1.64,False
002236,大华股份,深市,2025-12-09,1.85,20.12,19.04,-5.37,9.19,3.83,True
002236,大华股份,深市,2025-04-30,4.58,16.38,15.57,-4.95,27.96,23.02,True
002236,大华股份,深市,2024-09-20,1.84,12.6,13.45,6.75,14.6,21.35,True
002236,大华股份,深市,2024-05-22,3.82,15.69,16.66,6.18,24.35,30.53,True
002236,大华股份,深市,2023-11-16,3.1014,20.27,19.42,-4.19,15.3,11.11,True
002236,大华股份,深市,2023-06-06,2.41,20.24,18.16,-10.28,11.91,1.63,True
002304,洋河股份,深市,2025-06-27,23.17,63.39,63.91,0.82,36.55,37.37,True
002304,洋河股份,深市,2025-01-27,23.3,78.77,75.69,-3.91,29.58,25.67,True
002304,洋河股份,深市,2024-06-26,46.6,84.38,77.25,-8.45,55.23,46.78,True
002304,洋河股份,深市,2023-06-21,37.4,126.38,122.0,-3.47,29.59,26.13,True
002311,海大集团,深市,2025-09-25,2.0,62.13,62.0,-0.21,3.22,3.01,True
002311,海大集团,深市,2025-06-27,11.0,58.69,57.96,-1.24,18.74,17.5,True
002311,海大集团,深市,2024-07-04,5.0,49.07,45.1,-8.09,10.19,2.1,True
002311,海大集团,深市,2023-07-07,4.5,43.51,45.6,4.8,10.34,15.15,True
002352,顺丰控股,深市,2025-09-16,4.6,46.0,41.19,-10.46,10.0,-0.46,False
002352,顺丰控股,深市,2025-07-17,4.4,48.67,45.85,-5.79,9.04,3.25,True
002352,顺丰控股,深市,2024-11-07,4.0,42.41,43.83,3.35,9.43,12.78,True
002352,顺丰控股,深市,2024-05-14,6.0,32.05,35.38,10.39,18.72,29.11,True
002352,顺丰控股,深市,2023-05-12,2.5,52.93,46.95,-11.3,4.72,-6.57,False
002371,北方华创,深市,2025-07-03,10.6,313.88,328.17,4.55,3.38,7.93,True
002371,北方华创,深市,2024-07-04,7.8,230.81,234.09,1.42,3.38,4.8,True
002371,北方华创,深市,2023-07-13,4.45,235.88,213.42,-9.52,1.89,-7.64,False
002415,海康威视,深市,2025-10-10,4.0,29.85,33.91,13.6,13.4,27.0,True
002415,海康威视,深市,2025-05-20,7.0,27.36,27.85,1.79,25.58,27.38,True
002415,海康威视,深市,2024-05-21,9.0,30.13,31.75,5.38,29.87,35.25,True
002415,海康威视,深市,2023-05-19,7.0,39.72,33.44,-15.81,17.62,1.81,True
002460,赣锋锂业,深市,2025-07-17,1.5,31.13,34.96,12.3,4.82,17.12,True
002460,赣锋锂业,深市,2024-07-24,8.0,27.62,26.54,-3.91,28.96,25.05,True
002460,赣锋锂业,深市,2023-07-12,10.0,60.03,58.87,-1.93,16.66,14.73,True
002475,立讯精密,深市,2026-02-12,1.5992,54.41,50.43,-7.31,2.94,-4.38,False
002475,立讯精密,深市,2025-07-14,1.9987,30.98,35.25,13.78,6.45,20.23,True
002475,立讯精密,深市,2024-07-11,2.9895,31.27,41.42,32.46,9.56,42.02,True
002475,立讯精密,深市,2023-06-15,1.2997,26.31,27.95,6.23,4.94,11.17,True
002493,荣盛石化,深市,2025-05-28,1.0,8.05,8.65,7.45,12.42,19.88,True
002493,荣盛石化,深市,2024-06-05,1.0,11.32,9.77,-13.69,8.83,-4.86,False
002493,荣盛石化,深市,2023-05-26,1.5,12.69,11.78,-7.17,11.82,4.65,True
002601,龙佰集团,深市,2025-12-17,1.0,18.65,18.01,-3.43,5.36,1.93,True
002601,龙佰集团,深市,2025-06-11,5.0,16.29,16.29,0.0,30.69,30.69,True
002601,龙佰集团,深市,2024-12-11,3.0,18.46,17.63,-4.5,16.25,11.76,True
002601,龙佰集团,深市,2024-05-30,6.0,19.39,19.98,3.04,30.94,33.99,True
002601,龙佰集团,深市,2023-11-08,3.0,17.04,16.25,-4.64,17.61,12.97,True
002601,龙佰集团,深市,2023-05-29,6.0,15.17,14.31,-5.67,39.55,33.88,True
002714,牧原股份,深市,2025-10-16,9.2752,56.36,51.33,-8.92,16.46,7.53,True
002714,牧原股份,深市,2025-06-26,5.7427,37.61,41.08,9.23,15.27,24.5,True
002714,牧原股份,深市,2024-12-30,8.3479,38.66,37.49,-3.03,21.59,18.57,True
002714,牧原股份,深市,2023-07-13,7.3818,38.02,39.74,4.52,19.42,23.94,True
002736,国信证券,深市,2026-02-11,1.0,13.41,12.56,-6.34,7.46,1.12,True
002736,国信证券,深市,2025-06-16,3.5,10.65,11.28,5.92,32.86,38.78,True
002736,国信证券,深市,2024-06-19,2.7,8.32,8.48,1.92,32.45,34.38,True
002736,国信证券,深市,2023-06-21,2.7,8.48,8.13,-4.13,31.84,27.71,True
002841,视源股份,深市,2026-04-30,7.2,31.97,36.91,15.45,22.52,37.97,True
002841,视源股份,深市,2025-06-13,6.8,34.22,32.65,-4.59,19.87,15.28,True
002841,视源股份,深市,2024-05-29,8.5,31.3,31.2,-0.32,27.16,26.84,True
002841,视源股份,深市,2023-06-07,10.5,60.48,58.09,-3.95,17.36,13.41,True
300001,特锐德,深市,2025-07-04,1.5,22.32,23.55,5.51,6.72,12.23,True
300001,特锐德,深市,2024-06-14,1.0,20.28,21.61,6.56,4.93,11.49,True
300001,特锐德,深市,2023-07-20,0.5,21.31,19.36,-9.15,2.35,-6.8,False
300015,爱尔眼科,深市,2026-01-15,0.8,10.9,11.67,7.06,7.34,14.4,True
300015,爱尔眼科,深市,2025-06-11,1.6003,12.72,12.33,-3.07,12.58,9.51,True
300015,爱尔眼科,深市,2024-06-06,1.5002,12.8,11.46,-10.47,11.72,1.25,True
300015,爱尔眼科,深市,2023-06-08,1.0002,21.26,19.17,-9.83,4.7,-5.13,False
300033,同花顺,深市,2026-04-10,51.0,228.05,228.7,0.29,22.36,22.65,True
300033,同花顺,深市,2025-09-23,1.0,281.48,252.16,-10.42,0.36,-10.06,False
300033,同花顺,深市,2025-03-28,30.0,225.47,207.05,-8.17,13.31,5.14,True
300033,同花顺,深市,2024-03-29,22.0,90.55,91.04,0.54,24.3,24.84,True
300059,东方财富,深市,2026-04-21,1.0,20.11,19.94,-0.85,4.97,4.13,True
300059,东方财富,深市,2025-04-16,0.6,23.89,20.22,-15.36,2.51,-12.85,False
300059,东方财富,深市,2024-04-23,0.4,13.4,12.34,-7.91,2.99,-4.93,False
300122,智飞生物,深市,2024-12-25,2.0,29.05,28.04,-3.48,6.88,3.41,True
300122,智飞生物,深市,2024-08-08,8.0,25.13,25.95,3.26,31.83,35.1,True
300122,智飞生物,深市,2023-06-16,5.0,47.87,44.55,-6.94,10.44,3.51,True
300124,汇川技术,深市,2025-06-06,4.1,70.04,64.11,-8.47,5.85,-2.61,False
300124,汇川技术,深市,2024-05-30,4.5,58.67,57.8,-1.48,7.67,6.19,True
300124,汇川技术,深市,2023-06-12,3.6,55.15,57.94,5.06,6.53,11.59,True
300142,沃森生物,深市,2026-01-09,0.3,11.51,12.12,5.3,2.61,7.91,True
300142,沃森生物,深市,2025-05-28,0.1,9.95,10.04,0.9,1.01,1.91,True
300142,沃森生物,深市,2024-05-30,0.1,14.65,13.36,-8.81,0.68,-8.12,False
300274,阳光电源,深市,2026-05-12,6.9,130.79,139.85,6.93,5.28,12.2,True
300274,阳光电源,深市,2025-10-20,9.5,136.31,148.63,9.04,6.97,16.01,True
300274,阳光电源,深市,2025-06-13,10.8,64.55,62.01,-3.93,16.73,12.8,True
300274,阳光电源,深市,2024-06-13,9.65,71.16,67.25,-5.49,13.56,8.07,True
300274,阳光电源,深市,2023-06-07,2.2,74.54,70.79,-5.03,2.95,-2.08,False
300347,泰格医药,深市,2025-06-17,3.0,42.07,50.61,20.3,7.13,27.43,True
300347,泰格医药,深市,2024-07-12,5.68,56.6,48.32,-14.63,10.04,-4.59,False
300347,泰格医药,深市,2023-07-07,5.5,70.88,61.84,-12.75,7.76,-4.99,False
300408,三环集团,深市,2026-05-11,4.5,59.62,86.3,44.75,7.55,52.3,True
300408,三环集团,深市,2025-06-25,3.8,32.08,32.49,1.28,11.85,13.12,True
300408,三环集团,深市,2024-07-09,2.8,28.91,28.56,-1.21,9.69,8.47,True
300408,三环集团,深市,2023-07-17,2.5,29.12,31.33,7.59,8.59,16.17,True
300498,温氏股份,深市,2025-11-03,3.0,18.3,18.19,-0.6,16.39,15.79,True
300498,温氏股份,深市,2025-05-26,2.0,16.41,16.06,-2.13,12.19,10.05,True
300498,温氏股份,深市,2024-11-18,1.5,17.61,17.33,-1.59,8.52,6.93,True
300498,温氏股份,深市,2024-06-19,1.0,21.03,19.17,-8.84,4.76,-4.09,False
300498,温氏股份,深市,2023-06-12,2.0,17.82,16.18,-9.2,11.22,2.02,True
300750,宁德时代,深市,2026-04-22,21.78,395.79,436.35,10.25,5.5,15.75,True
300750,宁德时代,深市,2025-08-20,10.07,274.35,274.89,0.2,3.67,3.87,True
300750,宁德时代,深市,2025-04-22,45.53,246.22,226.31,-8.09,18.49,10.41,True
300750,宁德时代,深市,2025-01-24,12.3,256.5,250.66,-2.28,4.8,2.52,True
300750,宁德时代,深市,2024-04-30,20.11,177.67,193.93,9.15,11.32,20.47,True
300896,爱美客,深市,2026-04-29,8.0,117.93,116.17,-1.49,6.78,5.29,True
300896,爱美客,深市,2025-09-26,12.0,187.48,180.96,-3.48,6.4,2.92,True
300896,爱美客,深市,2025-04-30,38.0,173.22,170.68,-1.47,21.94,20.47,True
300896,爱美客,深市,2024-04-29,23.23,236.68,210.23,-11.18,9.81,-1.36,False
300896,爱美客,深市,2023-10-23,18.48,263.1,245.19,-6.81,7.02,0.22,True
300896,爱美客,深市,2023-05-15,28.0,377.7,349.04,-7.59,7.41,-0.17,False
